Task Description,Technology,Task Type
Implement a recommendation engine,java,feature
Implement role-based access control,java,feature
Write tests for file upload functionality,c++,test
Refactor monolithic app into microservices,c++,documentation
Test application behavior under load,java,test
Create an API documentation page,web,feature
Migrate database from SQL to NoSQL,java,bug
Develop a user authentication system,c#,manual testing
Document REST API endpoints,sql,documentation
Refactor legacy code for better performance,c#,documentation
Write tests for file upload functionality,sql,test
Create a system architecture document,java,feature
Test application behavior under load,nosql,test
Create a system architecture document,java,feature
Validate input fields during manual testing,c++,test
Improve frontend loading speed,python,test
Optimize the search algorithm,python,refactor
Build a chat feature,python,refactor
Verify data integrity after migration,java,manual testing
Implement a recommendation engine,nosql,feature
Perform manual testing for the checkout process,python,test
Improve frontend loading speed,web,manual testing
Write integration tests for payment gateway,c#,test
Optimize the search algorithm,web,feature
Create a system architecture document,nosql,feature
Validate input fields during manual testing,python,test
Validate input fields during manual testing,c#,test
Improve frontend loading speed,web,bug
Verify data integrity after migration,web,manual testing
Resolve deadlock issue in multithreading,web,bug
Test email notifications for password reset,sql,test
Write unit tests for the login module,sql,test
Document REST API endpoints,python,documentation
Add support for multiple languages,c++,feature
Add support for multiple languages,sql,feature
Implement dark mode for the interface,c#,feature
Refactor legacy code for better performance,c++,bug
Update user guide for new features,c#,documentation
Refactor code to use environment variables,c#,bug
Validate input fields during manual testing,web,test
Fix memory leak in the application,nosql,bug
Validate input fields during manual testing,java,test
Migrate database from SQL to NoSQL,java,feature
Implement dark mode for the interface,c#,feature
Write tests for file upload functionality,nosql,test
Test email notifications for password reset,java,test
Add a dark theme toggle,java,feature
Implement role-based access control,c++,feature
Perform manual testing for the checkout process,java,test
Write integration tests for payment gateway,nosql,test
Develop a user authentication system,c++,documentation
Add a dark theme toggle,java,feature
Create a system architecture document,c++,feature
Add support for multiple languages,web,feature
Fix memory leak in the application,sql,bug
Refactor monolithic app into microservices,c#,bug
Migrate database from SQL to NoSQL,nosql,documentation
Refactor legacy code for better performance,web,documentation
Fix memory leak in the application,web,bug
Develop a user authentication system,sql,manual testing
Test application behavior under load,c#,test
Write integration tests for payment gateway,sql,test
Improve frontend loading speed,java,test
Resolve deadlock issue in multithreading,nosql,bug
Verify data integrity after migration,nosql,manual testing
Document REST API endpoints,java,documentation
Implement a recommendation engine,nosql,feature
Document REST API endpoints,web,documentation
Write integration tests for payment gateway,java,test
Optimize the search algorithm,c++,test
Refactor code to use environment variables,nosql,refactor
Fix memory leak in the application,web,bug
Optimize the search algorithm,c#,manual testing
Write integration tests for payment gateway,python,test
Create an API documentation page,sql,feature
Fix crash on app startup,python,bug
Test email notifications for password reset,nosql,test
Implement a recommendation engine,python,feature
Optimize the search algorithm,c++,documentation
Optimize the search algorithm,c++,bug
Update user guide for new features,java,documentation
Test application behavior under load,java,test
Verify data integrity after migration,nosql,manual testing
Implement dark mode for the interface,sql,feature
Document REST API endpoints,c#,documentation
Implement role-based access control,sql,feature
Test email notifications for password reset,nosql,test
Develop a user authentication system,web,manual testing
Test email notifications for password reset,java,test
Create a system architecture document,c++,feature
Create a system architecture document,java,feature
Perform manual testing for the checkout process,web,test
Implement a recommendation engine,nosql,feature
Improve frontend loading speed,c#,bug
Perform manual testing for the checkout process,c#,test
Document REST API endpoints,python,documentation
Fix crash on app startup,sql,bug
Implement role-based access control,sql,feature
Test email notifications for password reset,java,test
Refactor monolithic app into microservices,java,documentation
Write tests for file upload functionality,web,test
Implement role-based access control,web,feature
Test email notifications for password reset,nosql,test
Test email notifications for password reset,c++,test
Write tests for file upload functionality,sql,test
Develop a user authentication system,java,manual testing
Implement dark mode for the interface,sql,feature
Build a chat feature,c++,documentation
Perform manual testing for the checkout process,java,test
Fix memory leak in the application,c++,bug
Write tests for file upload functionality,java,test
Implement dark mode for the interface,python,feature
Add support for multiple languages,java,feature
Resolve deadlock issue in multithreading,sql,bug
Write tests for file upload functionality,java,test
Add a dark theme toggle,c++,feature
Write tests for file upload functionality,web,test
Implement dark mode for the interface,nosql,feature
Add support for multiple languages,java,feature
Migrate database from SQL to NoSQL,web,bug
Verify data integrity after migration,c#,manual testing
Perform manual testing for the checkout process,web,test
Fix broken links on the website,sql,bug
Migrate database from SQL to NoSQL,c#,test
Test application behavior under load,web,test
Resolve deadlock issue in multithreading,python,bug
Test application behavior under load,c#,test
Update user guide for new features,c#,documentation
Build a chat feature,java,refactor
Optimize the search algorithm,java,test
Test application behavior under load,sql,test
Verify data integrity after migration,python,manual testing
Document REST API endpoints,c#,documentation
Document REST API endpoints,python,documentation
Refactor database connection pooling logic,python,bug
Validate input fields during manual testing,java,test
Fix memory leak in the application,nosql,bug
Implement a recommendation engine,nosql,feature
Fix broken links on the website,java,bug
Add a dark theme toggle,python,feature
Test application behavior under load,python,test
Develop a user authentication system,nosql,documentation
Refactor database connection pooling logic,java,refactor
Fix broken links on the website,nosql,bug
Update user guide for new features,web,documentation
Test email notifications for password reset,sql,test
Improve frontend loading speed,nosql,documentation
Update user guide for new features,java,documentation
Refactor monolithic app into microservices,java,documentation
Refactor monolithic app into microservices,python,refactor
Improve frontend loading speed,java,feature
Refactor code to use environment variables,c#,documentation
Migrate database from SQL to NoSQL,sql,feature
Write tests for file upload functionality,python,test
Implement role-based access control,c#,feature
Resolve deadlock issue in multithreading,sql,bug
Improve frontend loading speed,python,test
Perform manual testing for the checkout process,c++,test
Implement role-based access control,web,feature
Migrate database from SQL to NoSQL,nosql,manual testing
Create a system architecture document,nosql,feature
Validate input fields during manual testing,python,test
Implement dark mode for the interface,nosql,feature
Test application behavior under load,web,test
Refactor monolithic app into microservices,web,refactor
Test application behavior under load,sql,test
Create a system architecture document,sql,feature
Create an API documentation page,nosql,feature
Develop a user authentication system,sql,feature
Fix crash on app startup,c++,bug
Refactor monolithic app into microservices,nosql,refactor
Perform manual testing for the checkout process,nosql,test
Refactor database connection pooling logic,python,bug
Add support for multiple languages,c#,feature
Develop a user authentication system,python,refactor
Document REST API endpoints,c++,documentation
Add a dark theme toggle,java,feature
Implement role-based access control,c#,feature
Write integration tests for payment gateway,c++,test
Build a chat feature,java,manual testing
Verify data integrity after migration,c++,manual testing
Add support for multiple languages,sql,feature
Resolve deadlock issue in multithreading,c++,bug
Optimize the search algorithm,java,manual testing
Migrate database from SQL to NoSQL,python,documentation
Implement role-based access control,c#,feature
Implement a recommendation engine,sql,feature
Update user guide for new features,python,documentation
Test email notifications for password reset,c#,test
Migrate database from SQL to NoSQL,nosql,bug
Implement dark mode for the interface,web,feature
Create a system architecture document,c#,feature
Write unit tests for the login module,nosql,test
Refactor database connection pooling logic,c#,bug
Implement role-based access control,nosql,feature
Perform manual testing for the checkout process,c#,test
Write integration tests for payment gateway,c++,test
Create an API documentation page,sql,feature
Refactor monolithic app into microservices,java,bug
Refactor monolithic app into microservices,python,refactor
Update user guide for new features,web,documentation
Perform manual testing for the checkout process,python,test
Resolve deadlock issue in multithreading,c#,bug
Refactor monolithic app into microservices,c#,refactor
Test email notifications for password reset,sql,test
Implement a recommendation engine,python,feature
Write tests for file upload functionality,sql,test
Document REST API endpoints,web,documentation
Update user guide for new features,sql,documentation
Optimize the search algorithm,nosql,bug
Validate input fields during manual testing,sql,test
Migrate database from SQL to NoSQL,web,refactor
Implement dark mode for the interface,java,feature
Write integration tests for payment gateway,java,test
Write integration tests for payment gateway,c#,test
Write integration tests for payment gateway,nosql,test
Add support for multiple languages,java,feature
Develop a user authentication system,web,test
Fix crash on app startup,java,bug
Test application behavior under load,c++,test
Improve frontend loading speed,web,manual testing
Add a dark theme toggle,c#,feature
Write integration tests for payment gateway,sql,test
Build a chat feature,python,refactor
Fix crash on app startup,java,bug
Fix crash on app startup,c#,bug
Test application behavior under load,c++,test
Perform manual testing for the checkout process,c++,test
Perform manual testing for the checkout process,python,test
Optimize the search algorithm,nosql,feature
Validate input fields during manual testing,c#,test
Migrate database from SQL to NoSQL,web,test
Write unit tests for the login module,python,test
Perform manual testing for the checkout process,python,test
Add a dark theme toggle,web,feature
Fix broken links on the website,web,bug
Implement role-based access control,web,feature
Optimize the search algorithm,python,test
Optimize the search algorithm,python,manual testing
Validate input fields during manual testing,web,test
Perform manual testing for the checkout process,nosql,test
Optimize the search algorithm,nosql,refactor
Fix broken links on the website,c++,bug
Write tests for file upload functionality,c++,test
Improve frontend loading speed,c#,test
Add support for multiple languages,nosql,feature
Add support for multiple languages,c++,feature
Resolve deadlock issue in multithreading,nosql,bug
Build a chat feature,java,refactor
Develop a user authentication system,c#,refactor
Implement dark mode for the interface,sql,feature
Build a chat feature,java,test
Write unit tests for the login module,web,test
Fix memory leak in the application,c#,bug
Refactor database connection pooling logic,c++,refactor
Document REST API endpoints,c#,documentation
Migrate database from SQL to NoSQL,java,refactor
Test email notifications for password reset,c++,test
Write integration tests for payment gateway,python,test
Add support for multiple languages,sql,feature
Test email notifications for password reset,web,test
Write integration tests for payment gateway,web,test
Optimize the search algorithm,web,documentation
Add support for multiple languages,java,feature
Create an API documentation page,java,feature
Refactor database connection pooling logic,c++,refactor
Update user guide for new features,sql,documentation
Resolve deadlock issue in multithreading,c++,bug
Validate input fields during manual testing,nosql,test
Test email notifications for password reset,java,test
Fix memory leak in the application,sql,bug
Improve frontend loading speed,c++,test
Refactor monolithic app into microservices,nosql,refactor
Migrate database from SQL to NoSQL,sql,bug
Add a dark theme toggle,sql,feature
Write unit tests for the login module,web,test
Write unit tests for the login module,c#,test
Update user guide for new features,c++,documentation
Implement a recommendation engine,sql,feature
Test email notifications for password reset,nosql,test
Refactor code to use environment variables,c++,documentation
Improve frontend loading speed,python,bug
Write integration tests for payment gateway,c#,test
Build a chat feature,java,feature
Improve frontend loading speed,web,documentation
Test application behavior under load,c++,test
Implement a recommendation engine,c++,feature
Resolve deadlock issue in multithreading,nosql,bug
Migrate database from SQL to NoSQL,java,test
Refactor code to use environment variables,web,documentation
Refactor legacy code for better performance,java,documentation
Fix broken links on the website,web,bug
Resolve deadlock issue in multithreading,java,bug
Verify data integrity after migration,c#,manual testing
Develop a user authentication system,c++,bug
Fix crash on app startup,nosql,bug
Write unit tests for the login module,web,test
Implement a recommendation engine,c#,feature
Create a system architecture document,web,feature
Optimize the search algorithm,web,documentation
Refactor monolithic app into microservices,c++,documentation
Write unit tests for the login module,nosql,test
Optimize the search algorithm,sql,feature
Verify data integrity after migration,c++,manual testing
Refactor database connection pooling logic,java,documentation
Improve frontend loading speed,nosql,refactor
Optimize the search algorithm,web,feature
Verify data integrity after migration,sql,manual testing
Optimize the search algorithm,c#,bug
Implement role-based access control,c++,feature
Implement role-based access control,c#,feature
Update user guide for new features,nosql,documentation
Create a system architecture document,c++,feature
Refactor code to use environment variables,nosql,documentation
Create a system architecture document,python,feature
Fix crash on app startup,java,bug
Optimize the search algorithm,sql,feature
Fix crash on app startup,c++,bug
Document REST API endpoints,java,documentation
Write integration tests for payment gateway,java,test
Implement role-based access control,c#,feature
Validate input fields during manual testing,c++,test
Build a chat feature,web,feature
Refactor monolithic app into microservices,sql,documentation
Fix broken links on the website,c++,bug
Update user guide for new features,python,documentation
Add a dark theme toggle,sql,feature
Fix memory leak in the application,web,bug
Perform manual testing for the checkout process,sql,test
Migrate database from SQL to NoSQL,nosql,feature
Document REST API endpoints,python,documentation
Develop a user authentication system,c++,test
Test email notifications for password reset,sql,test
Test email notifications for password reset,c++,test
Refactor monolithic app into microservices,c++,refactor
Fix crash on app startup,sql,bug
Create an API documentation page,python,feature
Create a system architecture document,java,feature
Implement a recommendation engine,nosql,feature
Perform manual testing for the checkout process,java,test
Develop a user authentication system,nosql,test
Refactor code to use environment variables,sql,documentation
Add a dark theme toggle,sql,feature
Test application behavior under load,c++,test
Refactor database connection pooling logic,c#,documentation
Implement dark mode for the interface,c++,feature
Fix memory leak in the application,nosql,bug
Update user guide for new features,c#,documentation
Create an API documentation page,c#,feature
Perform manual testing for the checkout process,c++,test
Fix memory leak in the application,c#,bug
Test email notifications for password reset,c#,test
Create a system architecture document,c++,feature
Implement a recommendation engine,web,feature
Build a chat feature,java,feature
Verify data integrity after migration,sql,manual testing
Implement dark mode for the interface,nosql,feature
Write tests for file upload functionality,web,test
Develop a user authentication system,c++,documentation
Resolve deadlock issue in multithreading,sql,bug
Improve frontend loading speed,python,bug
Fix memory leak in the application,python,bug
Create an API documentation page,sql,feature
Create a system architecture document,python,feature
Implement role-based access control,nosql,feature
Test application behavior under load,python,test
Migrate database from SQL to NoSQL,c#,manual testing
Perform manual testing for the checkout process,c#,test
Implement dark mode for the interface,c++,feature
Implement a recommendation engine,web,feature
Fix memory leak in the application,sql,bug
Update user guide for new features,c++,documentation
Update user guide for new features,nosql,documentation
Fix memory leak in the application,sql,bug
Test email notifications for password reset,nosql,test
Fix memory leak in the application,web,bug
Migrate database from SQL to NoSQL,c#,manual testing
Build a chat feature,web,bug
Migrate database from SQL to NoSQL,python,documentation
Test application behavior under load,java,test
Verify data integrity after migration,java,manual testing
Implement a recommendation engine,c#,feature
Verify data integrity after migration,c++,manual testing
Document REST API endpoints,nosql,documentation
Implement dark mode for the interface,python,feature
Verify data integrity after migration,java,manual testing
Add a dark theme toggle,c#,feature
Improve frontend loading speed,c++,feature
Build a chat feature,web,bug
Optimize the search algorithm,python,manual testing
Refactor legacy code for better performance,c++,bug
Optimize the search algorithm,python,documentation
Perform manual testing for the checkout process,c++,test
Perform manual testing for the checkout process,nosql,test
Write tests for file upload functionality,sql,test
Test application behavior under load,web,test
Test application behavior under load,web,test
Add support for multiple languages,java,feature
Refactor legacy code for better performance,java,documentation
Create an API documentation page,c#,feature
Develop a user authentication system,sql,manual testing
Implement a recommendation engine,nosql,feature
Fix broken links on the website,java,bug
Write integration tests for payment gateway,python,test
Test email notifications for password reset,c#,test
Test application behavior under load,c++,test
Implement dark mode for the interface,c++,feature
Refactor database connection pooling logic,web,refactor
Fix memory leak in the application,python,bug
Update user guide for new features,web,documentation
Implement dark mode for the interface,c#,feature
Refactor database connection pooling logic,python,documentation
Fix crash on app startup,python,bug
Refactor legacy code for better performance,java,refactor
Develop a user authentication system,python,manual testing
Create a system architecture document,web,feature
Fix crash on app startup,sql,bug
Refactor monolithic app into microservices,c++,bug
Verify data integrity after migration,sql,manual testing
Verify data integrity after migration,java,manual testing
Create an API documentation page,c++,feature
Add a dark theme toggle,python,feature
Create an API documentation page,java,feature
Implement a recommendation engine,c++,feature
Implement role-based access control,web,feature
Fix broken links on the website,sql,bug
Write integration tests for payment gateway,java,test
Create a system architecture document,c#,feature
Build a chat feature,c++,refactor
Fix memory leak in the application,python,bug
Refactor legacy code for better performance,java,documentation
Validate input fields during manual testing,c#,test
Build a chat feature,web,bug
Add a dark theme toggle,nosql,feature
Test application behavior under load,sql,test
Resolve deadlock issue in multithreading,sql,bug
Test application behavior under load,nosql,test
Implement a recommendation engine,python,feature
Test application behavior under load,c++,test
Update user guide for new features,nosql,documentation
Implement a recommendation engine,python,feature
Create an API documentation page,java,feature
Fix broken links on the website,c++,bug
Improve frontend loading speed,c++,test
Create an API documentation page,python,feature
Test application behavior under load,c#,test
Test email notifications for password reset,java,test
Resolve deadlock issue in multithreading,java,bug
Fix memory leak in the application,nosql,bug
Perform manual testing for the checkout process,web,test
Refactor legacy code for better performance,sql,documentation
Test email notifications for password reset,sql,test
Improve frontend loading speed,c#,documentation
Resolve deadlock issue in multithreading,java,bug
Update user guide for new features,sql,documentation
Improve frontend loading speed,c#,manual testing
Create an API documentation page,python,feature
Verify data integrity after migration,c#,manual testing
Create a system architecture document,web,feature
Add support for multiple languages,nosql,feature
Write tests for file upload functionality,java,test
Create an API documentation page,c++,feature
Optimize the search algorithm,c#,feature
Resolve deadlock issue in multithreading,python,bug
Refactor monolithic app into microservices,c#,documentation
Resolve deadlock issue in multithreading,c++,bug
Verify data integrity after migration,sql,manual testing
Optimize the search algorithm,python,bug
Refactor database connection pooling logic,web,bug
Test email notifications for password reset,sql,test
Refactor database connection pooling logic,python,bug
Update user guide for new features,c#,documentation
Perform manual testing for the checkout process,c#,test
Improve frontend loading speed,c#,bug
Optimize the search algorithm,c#,test
Update user guide for new features,web,documentation
Validate input fields during manual testing,c++,test
Validate input fields during manual testing,web,test
Document REST API endpoints,c++,documentation
Write unit tests for the login module,python,test
Test email notifications for password reset,python,test
Add support for multiple languages,sql,feature
Develop a user authentication system,java,feature
Verify data integrity after migration,web,manual testing
Fix memory leak in the application,python,bug
Validate input fields during manual testing,java,test
Write integration tests for payment gateway,sql,test
Migrate database from SQL to NoSQL,c#,bug
Add support for multiple languages,c#,feature
Resolve deadlock issue in multithreading,web,bug
Refactor code to use environment variables,python,documentation
Refactor database connection pooling logic,nosql,bug
Add a dark theme toggle,java,feature
Refactor code to use environment variables,nosql,refactor
Test application behavior under load,web,test
Verify data integrity after migration,c#,manual testing
Write unit tests for the login module,c#,test
Implement a recommendation engine,sql,feature
Document REST API endpoints,sql,documentation
Add a dark theme toggle,web,feature
Create a system architecture document,c++,feature
Refactor database connection pooling logic,python,refactor
Test application behavior under load,c++,test
Refactor legacy code for better performance,nosql,refactor
Create a system architecture document,web,feature
Fix broken links on the website,web,bug
Fix crash on app startup,python,bug
Refactor legacy code for better performance,c++,documentation
Perform manual testing for the checkout process,c++,test
Add a dark theme toggle,c#,feature
Test application behavior under load,c++,test
Create a system architecture document,java,feature
Add support for multiple languages,sql,feature
Fix crash on app startup,c#,bug
Write tests for file upload functionality,sql,test
Improve frontend loading speed,java,test
Improve frontend loading speed,c++,bug
Create a system architecture document,c#,feature
Add a dark theme toggle,c++,feature
Refactor database connection pooling logic,java,documentation
Migrate database from SQL to NoSQL,sql,documentation
Verify data integrity after migration,c++,manual testing
Write tests for file upload functionality,nosql,test
Improve frontend loading speed,web,bug
Verify data integrity after migration,sql,manual testing
Migrate database from SQL to NoSQL,python,bug
Add a dark theme toggle,web,feature
Write unit tests for the login module,c#,test
Implement a recommendation engine,java,feature
Improve frontend loading speed,web,refactor
Write unit tests for the login module,web,test
Refactor legacy code for better performance,c++,refactor
Create a system architecture document,c#,feature
Write tests for file upload functionality,sql,test
Develop a user authentication system,java,feature
Add a dark theme toggle,c#,feature
Fix broken links on the website,c#,bug
Build a chat feature,python,refactor
Test application behavior under load,web,test
Add support for multiple languages,python,feature
Perform manual testing for the checkout process,java,test
Add support for multiple languages,c++,feature
Resolve deadlock issue in multithreading,web,bug
Add support for multiple languages,python,feature
Write unit tests for the login module,c++,test
Document REST API endpoints,c++,documentation
Refactor code to use environment variables,c++,documentation
Add a dark theme toggle,sql,feature
Refactor code to use environment variables,c#,bug
Implement a recommendation engine,web,feature
Create an API documentation page,c#,feature
Write tests for file upload functionality,python,test
Test email notifications for password reset,c++,test
Document REST API endpoints,sql,documentation
Write unit tests for the login module,c++,test
Test application behavior under load,c#,test
Verify data integrity after migration,java,manual testing
Refactor database connection pooling logic,python,bug
Refactor code to use environment variables,python,bug
Fix crash on app startup,java,bug
Refactor monolithic app into microservices,nosql,documentation
Validate input fields during manual testing,python,test
Test application behavior under load,sql,test
Validate input fields during manual testing,python,test
Resolve deadlock issue in multithreading,python,bug
Test email notifications for password reset,c++,test
Resolve deadlock issue in multithreading,c++,bug
Fix crash on app startup,nosql,bug
Fix memory leak in the application,nosql,bug
Create an API documentation page,python,feature
Add support for multiple languages,web,feature
Optimize the search algorithm,c++,refactor
Build a chat feature,c++,manual testing
Refactor legacy code for better performance,nosql,documentation
Migrate database from SQL to NoSQL,c#,feature
Write integration tests for payment gateway,c#,test
Create an API documentation page,nosql,feature
Write tests for file upload functionality,sql,test
Create a system architecture document,java,feature
Create a system architecture document,java,feature
Implement a recommendation engine,python,feature
Write unit tests for the login module,python,test
Test email notifications for password reset,web,test
Resolve deadlock issue in multithreading,c++,bug
Migrate database from SQL to NoSQL,python,feature
Implement role-based access control,web,feature
Improve frontend loading speed,web,refactor
Refactor code to use environment variables,nosql,bug
Refactor database connection pooling logic,python,bug
Optimize the search algorithm,web,bug
Refactor monolithic app into microservices,web,bug
Optimize the search algorithm,nosql,documentation
Validate input fields during manual testing,nosql,test
Optimize the search algorithm,python,manual testing
Create a system architecture document,java,feature
Write unit tests for the login module,python,test
Validate input fields during manual testing,java,test
Perform manual testing for the checkout process,java,test
Test application behavior under load,sql,test
Test application behavior under load,nosql,test
Implement dark mode for the interface,sql,feature
Resolve deadlock issue in multithreading,c++,bug
Optimize the search algorithm,sql,test
Refactor code to use environment variables,nosql,bug
Verify data integrity after migration,c#,manual testing
Implement dark mode for the interface,java,feature
Implement a recommendation engine,web,feature
Write tests for file upload functionality,c#,test
Perform manual testing for the checkout process,web,test
Fix broken links on the website,sql,bug
Test application behavior under load,python,test
Optimize the search algorithm,python,feature
Write tests for file upload functionality,nosql,test
Improve frontend loading speed,java,documentation
Fix crash on app startup,python,bug
Optimize the search algorithm,sql,bug
Build a chat feature,nosql,feature
Develop a user authentication system,web,refactor
Implement dark mode for the interface,python,feature
Refactor monolithic app into microservices,c#,documentation
Update user guide for new features,web,documentation
Add a dark theme toggle,web,feature
Develop a user authentication system,nosql,refactor
Write tests for file upload functionality,c#,test
Refactor monolithic app into microservices,web,refactor
Validate input fields during manual testing,java,test
Refactor code to use environment variables,python,bug
Verify data integrity after migration,java,manual testing
Migrate database from SQL to NoSQL,c++,documentation
Add a dark theme toggle,java,feature
Migrate database from SQL to NoSQL,web,bug
Create an API documentation page,sql,feature
Implement a recommendation engine,nosql,feature
Document REST API endpoints,c#,documentation
Build a chat feature,web,manual testing
Write tests for file upload functionality,sql,test
Migrate database from SQL to NoSQL,c#,manual testing
Add a dark theme toggle,web,feature
Fix memory leak in the application,c++,bug
Update user guide for new features,c++,documentation
Create an API documentation page,c#,feature
Write unit tests for the login module,python,test
Write tests for file upload functionality,web,test
Migrate database from SQL to NoSQL,c#,documentation
Implement dark mode for the interface,web,feature
Update user guide for new features,java,documentation
Resolve deadlock issue in multithreading,c#,bug
Verify data integrity after migration,nosql,manual testing
Implement dark mode for the interface,c++,feature
Write unit tests for the login module,nosql,test
Write integration tests for payment gateway,nosql,test
Refactor code to use environment variables,web,refactor
Test email notifications for password reset,c++,test
Write tests for file upload functionality,web,test
Update user guide for new features,python,documentation
Test application behavior under load,sql,test
Write unit tests for the login module,java,test
Build a chat feature,web,manual testing
Test email notifications for password reset,sql,test
Validate input fields during manual testing,python,test
Implement role-based access control,c#,feature
Build a chat feature,sql,manual testing
Validate input fields during manual testing,java,test
Refactor monolithic app into microservices,web,bug
Fix memory leak in the application,c++,bug
Write integration tests for payment gateway,nosql,test
Refactor database connection pooling logic,web,refactor
Test email notifications for password reset,c++,test
Write integration tests for payment gateway,nosql,test
Create a system architecture document,c++,feature
Document REST API endpoints,sql,documentation
Refactor code to use environment variables,c++,bug
Implement role-based access control,c#,feature
Implement a recommendation engine,java,feature
Optimize the search algorithm,java,test
Create a system architecture document,nosql,feature
Implement a recommendation engine,python,feature
Refactor database connection pooling logic,java,documentation
Refactor code to use environment variables,python,bug
Document REST API endpoints,web,documentation
Migrate database from SQL to NoSQL,nosql,refactor
Refactor database connection pooling logic,nosql,bug
Implement a recommendation engine,web,feature
Perform manual testing for the checkout process,sql,test
Create a system architecture document,nosql,feature
Build a chat feature,python,documentation
Refactor code to use environment variables,java,refactor
Document REST API endpoints,python,documentation
Refactor legacy code for better performance,sql,bug
Refactor database connection pooling logic,python,bug
Write unit tests for the login module,web,test
Perform manual testing for the checkout process,nosql,test
Migrate database from SQL to NoSQL,c++,test
Create an API documentation page,python,feature
Document REST API endpoints,sql,documentation
Build a chat feature,nosql,bug
Verify data integrity after migration,c++,manual testing
Update user guide for new features,c++,documentation
Refactor database connection pooling logic,c++,documentation
Fix memory leak in the application,python,bug
Fix memory leak in the application,python,bug
Optimize the search algorithm,python,refactor
Resolve deadlock issue in multithreading,sql,bug
Create an API documentation page,c++,feature
Optimize the search algorithm,c++,feature
Refactor monolithic app into microservices,c#,bug
Refactor monolithic app into microservices,c++,bug
Fix broken links on the website,c++,bug
Update user guide for new features,java,documentation
Write tests for file upload functionality,c#,test
Improve frontend loading speed,java,feature
Develop a user authentication system,java,test
Update user guide for new features,java,documentation
Update user guide for new features,python,documentation
Refactor database connection pooling logic,c#,bug
Create a system architecture document,python,feature
Migrate database from SQL to NoSQL,web,bug
Update user guide for new features,java,documentation
Verify data integrity after migration,web,manual testing
Add a dark theme toggle,java,feature
Write unit tests for the login module,python,test
Refactor code to use environment variables,c++,bug
Validate input fields during manual testing,sql,test
Implement role-based access control,c++,feature
Write tests for file upload functionality,web,test
Write integration tests for payment gateway,sql,test
Implement a recommendation engine,web,feature
Build a chat feature,c#,test
Refactor legacy code for better performance,nosql,documentation
Write tests for file upload functionality,java,test
Test email notifications for password reset,c#,test
Write unit tests for the login module,sql,test
Improve frontend loading speed,c++,manual testing
Refactor monolithic app into microservices,c#,bug
Resolve deadlock issue in multithreading,nosql,bug
Implement role-based access control,c#,feature
Improve frontend loading speed,c++,refactor
Refactor monolithic app into microservices,python,refactor
Refactor database connection pooling logic,sql,refactor
Refactor code to use environment variables,java,refactor
Implement dark mode for the interface,web,feature
Fix memory leak in the application,java,bug
Migrate database from SQL to NoSQL,web,manual testing
Develop a user authentication system,nosql,test
Document REST API endpoints,java,documentation
Fix broken links on the website,nosql,bug
Update user guide for new features,python,documentation
Validate input fields during manual testing,c++,test
Develop a user authentication system,c++,test
Fix broken links on the website,web,bug
Refactor legacy code for better performance,java,refactor
Create an API documentation page,nosql,feature
Implement dark mode for the interface,c#,feature
Improve frontend loading speed,nosql,feature
Migrate database from SQL to NoSQL,nosql,refactor
Create an API documentation page,web,feature
Implement a recommendation engine,c++,feature
Add support for multiple languages,java,feature
Update user guide for new features,c++,documentation
Resolve deadlock issue in multithreading,sql,bug
Improve frontend loading speed,java,refactor
Refactor legacy code for better performance,java,documentation
Optimize the search algorithm,sql,bug
Migrate database from SQL to NoSQL,c#,documentation
Fix broken links on the website,web,bug
Refactor legacy code for better performance,python,documentation
Implement role-based access control,java,feature
Add support for multiple languages,web,feature
Optimize the search algorithm,python,manual testing
Write integration tests for payment gateway,sql,test
Add a dark theme toggle,web,feature
Fix broken links on the website,nosql,bug
Develop a user authentication system,sql,test
Refactor code to use environment variables,sql,refactor
Refactor legacy code for better performance,web,documentation
Add support for multiple languages,java,feature
Add a dark theme toggle,sql,feature
Migrate database from SQL to NoSQL,c++,test
Build a chat feature,sql,feature
Perform manual testing for the checkout process,c++,test
Build a chat feature,c++,refactor
Add a dark theme toggle,nosql,feature
Fix memory leak in the application,c++,bug
Write integration tests for payment gateway,java,test
Build a chat feature,c#,bug
Refactor database connection pooling logic,python,documentation
Refactor monolithic app into microservices,c#,refactor
Add support for multiple languages,python,feature
Refactor legacy code for better performance,c#,documentation
Implement a recommendation engine,sql,feature
Improve frontend loading speed,web,manual testing
Refactor legacy code for better performance,nosql,refactor
Optimize the search algorithm,nosql,test
Implement role-based access control,nosql,feature
Build a chat feature,nosql,documentation
Build a chat feature,sql,refactor
Fix memory leak in the application,c++,bug
Refactor monolithic app into microservices,c#,refactor
Implement dark mode for the interface,web,feature
Update user guide for new features,python,documentation
Add support for multiple languages,sql,feature
Implement a recommendation engine,java,feature
Test application behavior under load,c++,test
Refactor monolithic app into microservices,c++,documentation
Refactor legacy code for better performance,sql,documentation
Fix broken links on the website,c++,bug
Migrate database from SQL to NoSQL,c#,bug
Migrate database from SQL to NoSQL,c#,refactor
Verify data integrity after migration,java,manual testing
Refactor legacy code for better performance,java,bug
Fix broken links on the website,sql,bug
Implement dark mode for the interface,web,feature
Implement role-based access control,python,feature
Write unit tests for the login module,sql,test
Update user guide for new features,c#,documentation
Add a dark theme toggle,web,feature
Refactor monolithic app into microservices,c#,bug
Implement a recommendation engine,web,feature
Test email notifications for password reset,c#,test
Test application behavior under load,java,test
Improve frontend loading speed,c++,documentation
Refactor code to use environment variables,java,refactor
Improve frontend loading speed,web,documentation
Document REST API endpoints,web,documentation
Add a dark theme toggle,web,feature
Optimize the search algorithm,nosql,refactor
Test email notifications for password reset,web,test
Implement dark mode for the interface,python,feature
Improve frontend loading speed,nosql,bug
Test application behavior under load,c++,test
Build a chat feature,java,feature
Test application behavior under load,python,test
Refactor code to use environment variables,c#,documentation
Create an API documentation page,java,feature
Test email notifications for password reset,java,test
Perform manual testing for the checkout process,nosql,test
Refactor monolithic app into microservices,web,documentation
Optimize the search algorithm,sql,test
Refactor code to use environment variables,web,bug
Refactor database connection pooling logic,python,refactor
Fix broken links on the website,c++,bug
Optimize the search algorithm,java,test
Test email notifications for password reset,python,test
Perform manual testing for the checkout process,c++,test
Write unit tests for the login module,java,test
Create a system architecture document,java,feature
Improve frontend loading speed,java,feature
Refactor legacy code for better performance,web,documentation
Implement a recommendation engine,python,feature
Document REST API endpoints,nosql,documentation
Migrate database from SQL to NoSQL,web,manual testing
Test email notifications for password reset,sql,test
Implement dark mode for the interface,nosql,feature
Create an API documentation page,sql,feature
Fix memory leak in the application,c++,bug
Perform manual testing for the checkout process,python,test
Document REST API endpoints,java,documentation
Test application behavior under load,nosql,test
Test email notifications for password reset,web,test
Update user guide for new features,python,documentation
Test email notifications for password reset,c#,test
Resolve deadlock issue in multithreading,python,bug
Refactor code to use environment variables,c#,refactor
Write tests for file upload functionality,python,test
Optimize the search algorithm,java,feature
Add a dark theme toggle,c#,feature
Optimize the search algorithm,c++,feature
Test email notifications for password reset,c++,test
Refactor legacy code for better performance,web,bug
Add a dark theme toggle,c++,feature
Add a dark theme toggle,web,feature
Implement role-based access control,web,feature
Create an API documentation page,java,feature
Test application behavior under load,java,test
Fix broken links on the website,nosql,bug
Refactor code to use environment variables,web,refactor
Implement dark mode for the interface,web,feature
Validate input fields during manual testing,sql,test
Perform manual testing for the checkout process,python,test
Write unit tests for the login module,sql,test
Add support for multiple languages,c++,feature
Refactor database connection pooling logic,c#,refactor
Add support for multiple languages,c++,feature
Verify data integrity after migration,sql,manual testing
Fix memory leak in the application,python,bug
Optimize the search algorithm,python,bug
Add support for multiple languages,sql,feature
Resolve deadlock issue in multithreading,sql,bug
Document REST API endpoints,nosql,documentation
Test email notifications for password reset,sql,test
Update user guide for new features,web,documentation
Migrate database from SQL to NoSQL,python,feature
Write tests for file upload functionality,sql,test
Build a chat feature,c++,documentation
Create an API documentation page,java,feature
Document REST API endpoints,python,documentation
Refactor legacy code for better performance,java,refactor
Perform manual testing for the checkout process,web,test
Perform manual testing for the checkout process,python,test
Build a chat feature,c#,bug
Refactor monolithic app into microservices,web,documentation
Implement role-based access control,web,feature
Fix crash on app startup,web,bug
Add support for multiple languages,c++,feature
Fix broken links on the website,sql,bug
Create a system architecture document,java,feature
Document REST API endpoints,nosql,documentation
Add support for multiple languages,python,feature
Migrate database from SQL to NoSQL,c#,manual testing
Develop a user authentication system,c#,test
Document REST API endpoints,java,documentation
Refactor monolithic app into microservices,sql,refactor
Fix crash on app startup,c#,bug
Write unit tests for the login module,java,test
Refactor code to use environment variables,web,documentation
Write unit tests for the login module,nosql,test
Refactor monolithic app into microservices,web,refactor
Fix crash on app startup,nosql,bug
Implement role-based access control,c#,feature
Refactor monolithic app into microservices,c#,refactor
Write tests for file upload functionality,sql,test
Refactor legacy code for better performance,java,refactor
Fix broken links on the website,web,bug
Resolve deadlock issue in multithreading,c++,bug
Write integration tests for payment gateway,sql,test
Fix crash on app startup,java,bug
Write tests for file upload functionality,python,test
Implement a recommendation engine,c++,feature
Test email notifications for password reset,nosql,test
Optimize the search algorithm,sql,manual testing
Create an API documentation page,sql,feature
Implement role-based access control,c++,feature
Optimize the search algorithm,python,feature
Improve frontend loading speed,python,bug
Write tests for file upload functionality,sql,test
Refactor database connection pooling logic,java,refactor
Perform manual testing for the checkout process,web,test
Update user guide for new features,c++,documentation
Refactor code to use environment variables,python,documentation
Implement a recommendation engine,sql,feature
Create an API documentation page,c++,feature
Test email notifications for password reset,python,test
Improve frontend loading speed,java,manual testing
Migrate database from SQL to NoSQL,web,manual testing
Create a system architecture document,sql,feature
Migrate database from SQL to NoSQL,java,test
Add support for multiple languages,c++,feature
Fix crash on app startup,c#,bug
Refactor code to use environment variables,python,bug
Optimize the search algorithm,c#,documentation
Write tests for file upload functionality,python,test
Create an API documentation page,c#,feature
Resolve deadlock issue in multithreading,python,bug
Optimize the search algorithm,web,bug
Migrate database from SQL to NoSQL,web,manual testing
Fix memory leak in the application,c++,bug
Develop a user authentication system,web,refactor
Write tests for file upload functionality,web,test
Write integration tests for payment gateway,sql,test
Fix broken links on the website,sql,bug
Implement a recommendation engine,web,feature
Resolve deadlock issue in multithreading,web,bug
Fix broken links on the website,web,bug
Refactor database connection pooling logic,web,refactor
Verify data integrity after migration,python,manual testing
Refactor legacy code for better performance,java,bug
Test email notifications for password reset,c#,test
Improve frontend loading speed,c#,feature
Fix memory leak in the application,c++,bug
Document REST API endpoints,sql,documentation
Implement role-based access control,nosql,feature
Refactor monolithic app into microservices,web,refactor
Migrate database from SQL to NoSQL,web,refactor
Fix crash on app startup,nosql,bug
Fix broken links on the website,c++,bug
Resolve deadlock issue in multithreading,java,bug
Add a dark theme toggle,nosql,feature
Implement dark mode for the interface,nosql,feature
Fix broken links on the website,java,bug
Improve frontend loading speed,c#,documentation
Add a dark theme toggle,java,feature
Refactor database connection pooling logic,nosql,documentation
Refactor legacy code for better performance,c#,refactor
Write tests for file upload functionality,nosql,test
Perform manual testing for the checkout process,c#,test
Write unit tests for the login module,sql,test
Resolve deadlock issue in multithreading,python,bug
Develop a user authentication system,web,manual testing
Migrate database from SQL to NoSQL,nosql,refactor
Implement dark mode for the interface,python,feature
Refactor legacy code for better performance,web,refactor
Test application behavior under load,python,test
Refactor code to use environment variables,java,documentation
Perform manual testing for the checkout process,python,test
Optimize the search algorithm,web,documentation
Create an API documentation page,java,feature
Perform manual testing for the checkout process,web,test
Add support for multiple languages,java,feature
Add support for multiple languages,sql,feature
Build a chat feature,c++,test
